company_id,category,type,exception_type,criticity,description,amount,sign,reference_type,reference,reference_status,odoo_link,status,created_at
1,Achat,Achat Importation,Auto,Warning,Échéance passée (< aujourd'hui),101.47,Sortie,Facture,/,En attente,https://staging-universal.hadooc.com/web#id=140477&model=account.move&view_type=form,Actif,2025-09-13T13:12:39.853295Z
1,Achat,Achat Importation,Auto,Warning,Échéance passée (< aujourd'hui),5.1,Sortie,Facture,/,En attente,https://staging-universal.hadooc.com/web#id=140466&model=account.move&view_type=form,Actif,2025-09-13T13:12:39.853295Z
1,Achat,Achat Importation,Auto,Warning,Échéance passée (< aujourd'hui),5.1,Sortie,Facture,AE/2025/07/0001,En attente,https://staging-universal.hadooc.com/web#id=140464&model=account.move&view_type=form,Actif,2025-09-13T13:12:39.853295Z
1,Achat,Achat Importation,Auto,Warning,Échéance passée (< aujourd'hui),5.1,Sortie,Facture,AE/2025/06/0001,En attente,https://staging-universal.hadooc.com/web#id=140462&model=account.move&view_type=form,Actif,2025-09-13T13:12:39.853295Z
1,Achat,Achat Importation,Auto,Warning,Échéance passée (< aujourd'hui),81814.2,Sortie,Facture,AE/2025/04/0001,En attente,https://staging-universal.hadooc.com/web#id=140430&model=account.move&view_type=form,Actif,2025-09-13T13:12:39.853295Z
1,Achat,Achat Importation,Auto,Warning,Échéance passée (< aujourd'hui),81814.2,Sortie,Facture,AE/2025/04/0002,En attente,https://staging-universal.hadooc.com/web#id=140426&model=account.move&view_type=form,Actif,2025-09-13T13:12:39.853295Z
1,Achat,Achat Importation,Auto,Warning,Échéance passée (< aujourd'hui),4.35,Sortie,Facture,AE/2025/04/0010,En attente,https://staging-universal.hadooc.com/web#id=140425&model=account.move&view_type=form,Actif,2025-09-13T13:12:39.853295Z
1,Achat,Achat Importation,Auto,Warning,Échéance passée (< aujourd'hui),133899.69,Sortie,Facture,/,En attente,https://staging-universal.hadooc.com/web#id=139668&model=account.move&view_type=form,Actif,2025-09-13T13:12:39.853295Z
1,Achat,Achat Importation,Auto,Warning,Échéance passée (< aujourd'hui),466.2,Sortie,Facture,AE/2025/03/0176,En attente,https://staging-universal.hadooc.com/web#id=124656&model=account.move&view_type=form,Actif,2025-09-13T13:12:39.853295Z
1,Achat,Achat Importation,Auto,Warning,Échéance passée (< aujourd'hui),44880.0,Sortie,Facture,AE/2025/03/0089,En attente,https://staging-universal.hadooc.com/web#id=138904&model=account.move&view_type=form,Actif,2025-09-13T13:12:39.853295Z
1,Achat,Achat Importation,Auto,Warning,Échéance passée (< aujourd'hui),35317.5,Sortie,Facture,AE/2025/03/0093,En attente,https://staging-universal.hadooc.com/web#id=138850&model=account.move&view_type=form,Actif,2025-09-13T13:12:39.853295Z
1,Achat,Achat Importation,Auto,Warning,Échéance passée (< aujourd'hui),29700.0,Sortie,Facture,AE/2025/03/0088,En attente,https://staging-universal.hadooc.com/web#id=138847&model=account.move&view_type=form,Actif,2025-09-13T13:12:39.853295Z
1,Achat,Achat Importation,Auto,Warning,Échéance passée (< aujourd'hui),41310.0,Sortie,Facture,AE/2025/03/0078,Payée,https://staging-universal.hadooc.com/web#id=138731&model=account.move&view_type=form,Actif,2025-09-13T13:12:39.853295Z
1,Achat,Achat Importation,Auto,Warning,Échéance passée (< aujourd'hui),2316.2,Sortie,Facture,AE/2025/03/0058,En attente,https://staging-universal.hadooc.com/web#id=138386&model=account.move&view_type=form,Actif,2025-09-13T13:12:39.853295Z
1,Achat,Achat Importation,Auto,Warning,Échéance passée (< aujourd'hui),25740.0,Sortie,Facture,AE/2025/03/0031,En attente,https://staging-universal.hadooc.com/web#id=137423&model=account.move&view_type=form,Actif,2025-09-13T13:12:39.853295Z
1,Achat,Achat Importation,Auto,Warning,Échéance passée (< aujourd'hui),43434.0,Sortie,Facture,AE/2025/03/0017,En attente,https://staging-universal.hadooc.com/web#id=136164&model=account.move&view_type=form,Actif,2025-09-13T13:12:39.853295Z
1,Achat,Achat Importation,Auto,Warning,Échéance passée (< aujourd'hui),31614.0,Sortie,Facture,AE/2025/02/0135,En attente,https://staging-universal.hadooc.com/web#id=135881&model=account.move&view_type=form,Actif,2025-09-13T13:12:39.853295Z
1,Achat,Achat Importation,Auto,Warning,Échéance passée (< aujourd'hui),23688.0,Sortie,Facture,AE/2025/02/0104,En attente,https://staging-universal.hadooc.com/web#id=135078&model=account.move&view_type=form,Actif,2025-09-13T13:12:39.853295Z
1,Achat,Achat Importation,Auto,Warning,Échéance passée (< aujourd'hui),6280.0,Sortie,Facture,AE/2025/02/0002,En attente,https://staging-universal.hadooc.com/web#id=125126&model=account.move&view_type=form,Actif,2025-09-13T13:12:39.853295Z
1,Achat,Achat Importation,Auto,Warning,Échéance passée (< aujourd'hui),4730.0,Sortie,Facture,AE/2025/01/0066,En attente,https://staging-universal.hadooc.com/web#id=132486&model=account.move&view_type=form,Actif,2025-09-13T13:12:39.853295Z
1,Achat,Achat Importation,Auto,Warning,Échéance passée (< aujourd'hui),67061.94,Sortie,Facture,AE/2025/01/0065,En attente,https://staging-universal.hadooc.com/web#id=132438&model=account.move&view_type=form,Actif,2025-09-13T13:12:39.853295Z
1,Achat,Achat Importation,Auto,Warning,Échéance passée (< aujourd'hui),417.5,Sortie,Facture,AE/2025/01/0001,Payée,https://staging-universal.hadooc.com/web#id=132240&model=account.move&view_type=form,Actif,2025-09-13T13:12:39.853295Z
1,Achat,Achat Importation,Auto,Warning,Échéance passée (< aujourd'hui),67760.29,Sortie,Facture,AE/2024/12/0004,En attente,https://staging-universal.hadooc.com/web#id=127909&model=account.move&view_type=form,Actif,2025-09-13T13:12:39.853295Z
1,Achat,Achat Importation,Auto,Warning,Échéance passée (< aujourd'hui),6200.0,Sortie,Facture,AE/2024/12/0001,En attente,https://staging-universal.hadooc.com/web#id=124685&model=account.move&view_type=form,Actif,2025-09-13T13:12:39.853295Z
1,Achat,Achat Importation,Auto,Warning,Échéance passée (< aujourd'hui),6280.0,Sortie,Facture,/,En attente,https://staging-universal.hadooc.com/web#id=127145&model=account.move&view_type=form,Actif,2025-09-13T13:12:39.853295Z
1,Achat,Achat Importation,Auto,Warning,Échéance passée (< aujourd'hui),25740.0,Sortie,Facture,AE/2024/12/0003,En attente,https://staging-universal.hadooc.com/web#id=124120&model=account.move&view_type=form,Actif,2025-09-13T13:12:39.853295Z
1,Achat,Achat Importation,Auto,Warning,Échéance passée (< aujourd'hui),22704.0,Sortie,Facture,AE/2024/11/0024,Payée,https://staging-universal.hadooc.com/web#id=125127&model=account.move&view_type=form,Actif,2025-09-13T13:12:39.853295Z
1,Achat,Achat Importation,Auto,Warning,Échéance passée (< aujourd'hui),10983.6,Sortie,Facture,AE/2024/11/0021,En attente,https://staging-universal.hadooc.com/web#id=124673&model=account.move&view_type=form,Actif,2025-09-13T13:12:39.853295Z
1,Achat,Achat Importation,Auto,Warning,Échéance passée (< aujourd'hui),11773.13,Sortie,Facture,AE/2024/11/0019,Payée,https://staging-universal.hadooc.com/web#id=124650&model=account.move&view_type=form,Actif,2025-09-13T13:12:39.853295Z
1,Achat,Achat Importation,Auto,Warning,Échéance passée (< aujourd'hui),45235.26,Sortie,Facture,AE/2024/11/0029,Payée,https://staging-universal.hadooc.com/web#id=126077&model=account.move&view_type=form,Actif,2025-09-13T13:12:39.853295Z
1,Achat,Achat Importation,Auto,Warning,Échéance passée (< aujourd'hui),25800.0,Sortie,Facture,AE/2024/11/0028,En attente,https://staging-universal.hadooc.com/web#id=126076&model=account.move&view_type=form,Actif,2025-09-13T13:12:39.853295Z
1,Achat,Achat Importation,Auto,Warning,Échéance passée (< aujourd'hui),68889.6,Sortie,Facture,AE/2024/11/0005,Payée,https://staging-universal.hadooc.com/web#id=124681&model=account.move&view_type=form,Actif,2025-09-13T13:12:39.853295Z
1,Achat,Achat Importation,Auto,Warning,Échéance passée (< aujourd'hui),38250.0,Sortie,Facture,AE/2024/11/0023,Payée,https://staging-universal.hadooc.com/web#id=125124&model=account.move&view_type=form,Actif,2025-09-13T13:12:39.853295Z
1,Achat,Achat Importation,Auto,Warning,Échéance passée (< aujourd'hui),35942.4,Sortie,Facture,AE/2024/11/0022,Payée,https://staging-universal.hadooc.com/web#id=125123&model=account.move&view_type=form,Actif,2025-09-13T13:12:39.853295Z
1,Achat,Achat Importation,Auto,Warning,Échéance passée (< aujourd'hui),25740.0,Sortie,Facture,AE/2024/11/0025,En attente,https://staging-universal.hadooc.com/web#id=125125&model=account.move&view_type=form,Actif,2025-09-13T13:12:39.853295Z
1,Achat,Achat Importation,Auto,Warning,Échéance passée (< aujourd'hui),36800.0,Sortie,Facture,AE/2024/11/0004,En attente,https://staging-universal.hadooc.com/web#id=124682&model=account.move&view_type=form,Actif,2025-09-13T13:12:39.853295Z
1,Achat,Achat Importation,Auto,Warning,Échéance passée (< aujourd'hui),31560.0,Sortie,Facture,AE/2024/11/0026,Payée,https://staging-universal.hadooc.com/web#id=124668&model=account.move&view_type=form,Actif,2025-09-13T13:12:39.853295Z
1,Achat,Achat Importation,Auto,Warning,Échéance passée (< aujourd'hui),12620.7,Sortie,Facture,AE/2024/11/0018,Payée,https://staging-universal.hadooc.com/web#id=124651&model=account.move&view_type=form,Actif,2025-09-13T13:12:39.853295Z
1,Achat,Achat Importation,Auto,Warning,Échéance passée (< aujourd'hui),138567.0,Sortie,Facture,AE/2024/11/0028,Payée,https://staging-universal.hadooc.com/web#id=121552&model=account.move&view_type=form,Actif,2025-09-13T13:12:39.853295Z
1,Achat,Achat Importation,Auto,Warning,Échéance passée (< aujourd'hui),155.7,Sortie,Facture,FACTU/2024/11/0107,Payée,https://staging-universal.hadooc.com/web#id=124647&model=account.move&view_type=form,Actif,2025-09-13T13:12:39.853295Z
1,Achat,Achat Importation,Auto,Warning,Échéance passée (< aujourd'hui),42660.0,Sortie,Facture,AE/2024/11/0006,En attente,https://staging-universal.hadooc.com/web#id=124680&model=account.move&view_type=form,Actif,2025-09-13T13:12:39.853295Z
1,Achat,Achat Importation,Auto,Warning,Échéance passée (< aujourd'hui),50048.9,Sortie,Facture,AE/2024/11/0016,Payée,https://staging-universal.hadooc.com/web#id=124679&model=account.move&view_type=form,Actif,2025-09-13T13:12:39.853295Z
1,Achat,Achat Importation,Auto,Warning,Échéance passée (< aujourd'hui),39780.0,Sortie,Facture,AE/2024/11/0023,Payée,https://staging-universal.hadooc.com/web#id=124678&model=account.move&view_type=form,Actif,2025-09-13T13:12:39.853295Z
1,Achat,Achat Importation,Auto,Warning,Échéance passée (< aujourd'hui),39147.6,Sortie,Facture,AE/2024/11/0007,Payée,https://staging-universal.hadooc.com/web#id=124675&model=account.move&view_type=form,Actif,2025-09-13T13:12:39.853295Z
1,Achat,Achat Importation,Auto,Warning,Échéance passée (< aujourd'hui),14001.0,Sortie,Facture,AE/2024/11/0008,Payée,https://staging-universal.hadooc.com/web#id=124674&model=account.move&view_type=form,Actif,2025-09-13T13:12:39.853295Z
1,Achat,Achat Importation,Auto,Warning,Échéance passée (< aujourd'hui),41155.0,Sortie,Facture,AE/2024/11/0009,Payée,https://staging-universal.hadooc.com/web#id=124669&model=account.move&view_type=form,Actif,2025-09-13T13:12:39.853295Z
1,Achat,Achat Importation,Auto,Warning,Échéance passée (< aujourd'hui),9500.0,Sortie,Facture,AE/2024/11/0010,Payée,https://staging-universal.hadooc.com/web#id=124666&model=account.move&view_type=form,Actif,2025-09-13T13:12:39.853295Z
1,Achat,Achat Importation,Auto,Warning,Échéance passée (< aujourd'hui),35955.0,Sortie,Facture,AE/2024/11/0025,Payée,https://staging-universal.hadooc.com/web#id=124665&model=account.move&view_type=form,Actif,2025-09-13T13:12:39.853295Z
1,Achat,Achat Importation,Auto,Warning,Échéance passée (< aujourd'hui),84766.5,Sortie,Facture,AE/2024/11/0011,Payée,https://staging-universal.hadooc.com/web#id=124659&model=account.move&view_type=form,Actif,2025-09-13T13:12:39.853295Z
1,Achat,Achat Importation,Auto,Warning,Échéance passée (< aujourd'hui),56511.0,Sortie,Facture,AE/2024/11/0013,En attente,https://staging-universal.hadooc.com/web#id=124657&model=account.move&view_type=form,Actif,2025-09-13T13:12:39.853295Z
1,Achat,Achat Importation,Auto,Warning,Échéance passée (< aujourd'hui),31680.0,Sortie,Facture,AE/2024/11/0012,En attente,https://staging-universal.hadooc.com/web#id=124652&model=account.move&view_type=form,Actif,2025-09-13T13:12:39.853295Z
1,Achat,Achat Importation,Auto,Warning,Échéance passée (< aujourd'hui),51200.0,Sortie,Facture,AE/2024/11/0020,En attente,https://staging-universal.hadooc.com/web#id=124644&model=account.move&view_type=form,Actif,2025-09-13T13:12:39.853295Z
1,Achat,Achat Importation,Auto,Warning,Échéance passée (< aujourd'hui),17201.0,Sortie,Facture,AE/2024/11/0003,En attente,https://staging-universal.hadooc.com/web#id=124667&model=account.move&view_type=form,Actif,2025-09-13T13:12:39.853295Z
1,Achat,Achat Importation,Auto,Warning,Échéance passée (< aujourd'hui),26560.0,Sortie,Facture,AE/2024/11/0014,Payée,https://staging-universal.hadooc.com/web#id=124158&model=account.move&view_type=form,Actif,2025-09-13T13:12:39.853295Z
1,Achat,Achat Importation,Auto,Warning,Échéance passée (< aujourd'hui),20489.4,Sortie,Facture,AE/2024/11/0002,Payée,https://staging-universal.hadooc.com/web#id=124133&model=account.move&view_type=form,Actif,2025-09-13T13:12:39.853295Z
1,Achat,Achat Importation,Auto,Warning,Échéance passée (< aujourd'hui),159075.0,Sortie,Facture,AE/2024/11/0029,Payée,https://staging-universal.hadooc.com/web#id=121550&model=account.move&view_type=form,Actif,2025-09-13T13:12:39.853295Z
1,Achat,Achat Importation,Auto,Warning,Échéance passée (< aujourd'hui),64756.8,Sortie,Facture,AE/2024/11/0017,Payée,https://staging-universal.hadooc.com/web#id=124672&model=account.move&view_type=form,Actif,2025-09-13T13:12:39.853295Z
1,Achat,Achat Importation,Auto,Warning,Échéance passée (< aujourd'hui),11773.13,Sortie,Facture,AE/2024/11/0027,Payée,https://staging-universal.hadooc.com/web#id=124373&model=account.move&view_type=form,Actif,2025-09-13T13:12:39.853295Z
1,Achat,Achat Importation,Auto,Warning,Échéance passée (< aujourd'hui),29184.0,Sortie,Facture,AE/2024/10/0177,Payée,https://staging-universal.hadooc.com/web#id=124677&model=account.move&view_type=form,Actif,2025-09-13T13:12:39.853295Z
1,Achat,Achat Importation,Auto,Warning,Échéance passée (< aujourd'hui),2184.0,Sortie,Facture,AE/2024/10/0001,Payée,https://staging-universal.hadooc.com/web#id=120066&model=account.move&view_type=form,Actif,2025-09-13T13:12:39.853295Z
1,Achat,Achat Importation,Auto,Warning,Échéance passée (< aujourd'hui),28697.6,Sortie,Facture,AE/2024/10/0005,Payée,https://staging-universal.hadooc.com/web#id=124152&model=account.move&view_type=form,Actif,2025-09-13T13:12:39.853295Z
1,Achat,Achat Importation,Auto,Warning,Échéance passée (< aujourd'hui),27795.0,Sortie,Facture,AE/2024/09/0082,Payée,https://staging-universal.hadooc.com/web#id=124132&model=account.move&view_type=form,Actif,2025-09-13T13:12:39.853295Z
1,Achat,Achat Importation,Auto,Warning,Échéance passée (< aujourd'hui),11773.13,Sortie,Facture,AE/2024/10/0002,Payée,https://staging-universal.hadooc.com/web#id=120201&model=account.move&view_type=form,Actif,2025-09-13T13:12:39.853295Z
1,Achat,Achat Importation,Auto,Warning,Échéance passée (< aujourd'hui),34661.0,Sortie,Facture,AE/2024/09/0002,Payée,https://staging-universal.hadooc.com/web#id=119515&model=account.move&view_type=form,Actif,2025-09-13T13:12:39.853295Z
1,Achat,Achat Importation,Auto,Warning,Échéance passée (< aujourd'hui),60240.0,Sortie,Facture,AE/2024/10/0004,Payée,https://staging-universal.hadooc.com/web#id=121515&model=account.move&view_type=form,Actif,2025-09-13T13:12:39.853295Z
1,Achat,Achat Importation,Auto,Warning,Échéance passée (< aujourd'hui),24219.0,Sortie,Facture,AE/2024/10/0003,Payée,https://staging-universal.hadooc.com/web#id=121207&model=account.move&view_type=form,Actif,2025-09-13T13:12:39.853295Z
1,Achat,Achat Importation,Auto,Warning,Échéance passée (< aujourd'hui),32830.0,Sortie,Facture,AE/2024/08/0006,Payée,https://staging-universal.hadooc.com/web#id=115881&model=account.move&view_type=form,Actif,2025-09-13T13:12:39.853295Z
1,Achat,Achat Importation,Auto,Warning,Échéance passée (< aujourd'hui),21408.0,Sortie,Facture,AE/2024/08/0001,Payée,https://staging-universal.hadooc.com/web#id=110269&model=account.move&view_type=form,Actif,2025-09-13T13:12:39.853295Z
1,Achat,Achat Importation,Auto,Warning,Échéance passée (< aujourd'hui),7603.2,Sortie,Facture,AE/2024/08/0004,Payée,https://staging-universal.hadooc.com/web#id=112000&model=account.move&view_type=form,Actif,2025-09-13T13:12:39.853295Z
1,Achat,Achat Importation,Auto,Warning,Échéance passée (< aujourd'hui),25235.4,Sortie,Facture,AE/2024/08/0009,Payée,https://staging-universal.hadooc.com/web#id=116650&model=account.move&view_type=form,Actif,2025-09-13T13:12:39.853295Z
1,Achat,Achat Importation,Auto,Warning,Échéance passée (< aujourd'hui),21519.5,Sortie,Facture,AE/2024/07/0158,En attente,https://staging-universal.hadooc.com/web#id=116662&model=account.move&view_type=form,Actif,2025-09-13T13:12:39.853295Z
1,Achat,Achat Importation,Auto,Warning,Échéance passée (< aujourd'hui),27075.0,Sortie,Facture,AE/2024/07/0010,Payée,https://staging-universal.hadooc.com/web#id=115996&model=account.move&view_type=form,Actif,2025-09-13T13:12:39.853295Z
1,Achat,Achat Importation,Auto,Warning,Échéance passée (< aujourd'hui),60241.0,Sortie,Facture,FACTU/2024/09/0067,En attente,https://staging-universal.hadooc.com/web#id=119103&model=account.move&view_type=form,Actif,2025-09-13T13:12:39.853295Z
1,Achat,Achat Importation,Auto,Warning,Échéance passée (< aujourd'hui),11870.25,Sortie,Facture,AE/2024/07/0012,Payée,https://staging-universal.hadooc.com/web#id=115999&model=account.move&view_type=form,Actif,2025-09-13T13:12:39.853295Z
1,Achat,Achat Importation,Auto,Warning,Échéance passée (< aujourd'hui),24289.6,Sortie,Facture,AE/2024/07/0007,Payée,https://staging-universal.hadooc.com/web#id=110649&model=account.move&view_type=form,Actif,2025-09-13T13:12:39.853295Z
1,Achat,Achat Importation,Auto,Warning,Échéance passée (< aujourd'hui),43940.0,Sortie,Facture,AE/2024/08/0012,Payée,https://staging-universal.hadooc.com/web#id=118247&model=account.move&view_type=form,Actif,2025-09-13T13:12:39.853295Z
1,Achat,Achat Importation,Auto,Warning,Échéance passée (< aujourd'hui),25125.8,Sortie,Facture,AE/2024/07/0001,Payée,https://staging-universal.hadooc.com/web#id=109193&model=account.move&view_type=form,Actif,2025-09-13T13:12:39.853295Z
1,Achat,Achat Importation,Auto,Warning,Échéance passée (< aujourd'hui),32102.4,Sortie,Facture,AE/2024/08/0007,Payée,https://staging-universal.hadooc.com/web#id=115980&model=account.move&view_type=form,Actif,2025-09-13T13:12:39.853295Z
1,Achat,Achat Importation,Auto,Warning,Échéance passée (< aujourd'hui),24413.4,Sortie,Facture,AE/2024/07/0006,Payée,https://staging-universal.hadooc.com/web#id=109321&model=account.move&view_type=form,Actif,2025-09-13T13:12:39.853295Z
1,Achat,Achat Importation,Auto,Warning,Échéance passée (< aujourd'hui),18000.0,Sortie,Facture,AE/2024/07/0003,Payée,https://staging-universal.hadooc.com/web#id=109284&model=account.move&view_type=form,Actif,2025-09-13T13:12:39.853295Z
1,Achat,Achat Importation,Auto,Warning,Échéance passée (< aujourd'hui),24975.0,Sortie,Facture,AE/2024/07/0002,Payée,https://staging-universal.hadooc.com/web#id=109261&model=account.move&view_type=form,Actif,2025-09-13T13:12:39.853295Z
1,Achat,Achat Importation,Auto,Warning,Échéance passée (< aujourd'hui),11695.5,Sortie,Facture,AE/2024/06/0003,Payée,https://staging-universal.hadooc.com/web#id=107627&model=account.move&view_type=form,Actif,2025-09-13T13:12:39.853295Z
1,Achat,Achat Importation,Auto,Warning,Échéance passée (< aujourd'hui),33000.0,Sortie,Facture,AE/2024/08/0005,Payée,https://staging-universal.hadooc.com/web#id=115795&model=account.move&view_type=form,Actif,2025-09-13T13:12:39.853295Z
1,Achat,Achat Importation,Auto,Warning,Échéance passée (< aujourd'hui),31460.0,Sortie,Facture,AE/2024/08/0003,Payée,https://staging-universal.hadooc.com/web#id=111717&model=account.move&view_type=form,Actif,2025-09-13T13:12:39.853295Z
1,Achat,Achat Importation,Auto,Warning,Échéance passée (< aujourd'hui),19950.0,Sortie,Facture,AE/2024/09/0001,Payée,https://staging-universal.hadooc.com/web#id=118567&model=account.move&view_type=form,Actif,2025-09-13T13:12:39.853295Z
1,Achat,Achat Importation,Auto,Warning,Échéance passée (< aujourd'hui),61920.0,Sortie,Facture,AE/2024/08/0008,Payée,https://staging-universal.hadooc.com/web#id=116002&model=account.move&view_type=form,Actif,2025-09-13T13:12:39.853295Z
1,Achat,Achat Importation,Auto,Warning,Échéance passée (< aujourd'hui),29760.0,Sortie,Facture,AE/2024/06/0008,Payée,https://staging-universal.hadooc.com/web#id=115835&model=account.move&view_type=form,Actif,2025-09-13T13:12:39.853295Z
1,Achat,Achat Importation,Auto,Warning,Échéance passée (< aujourd'hui),6120.0,Sortie,Facture,AE/2024/08/0011,Payée,https://staging-universal.hadooc.com/web#id=116919&model=account.move&view_type=form,Actif,2025-09-13T13:12:39.853295Z
1,Achat,Achat Importation,Auto,Warning,Échéance passée (< aujourd'hui),69696.0,Sortie,Facture,FACTU/2024/05/0138,Payée,https://staging-universal.hadooc.com/web#id=104465&model=account.move&view_type=form,Actif,2025-09-13T13:12:39.853295Z
1,Achat,Achat Importation,Auto,Warning,Échéance passée (< aujourd'hui),28672.0,Sortie,Facture,AE/2024/06/0001,Payée,https://staging-universal.hadooc.com/web#id=105733&model=account.move&view_type=form,Actif,2025-09-13T13:12:39.853295Z
1,Achat,Achat Importation,Auto,Warning,Échéance passée (< aujourd'hui),27207.2,Sortie,Facture,AE/2024/06/0011,Payée,https://staging-universal.hadooc.com/web#id=115995&model=account.move&view_type=form,Actif,2025-09-13T13:12:39.853295Z
1,Achat,Achat Importation,Auto,Warning,Échéance passée (< aujourd'hui),30361.0,Sortie,Facture,AE/2024/07/0011,Payée,https://staging-universal.hadooc.com/web#id=115998&model=account.move&view_type=form,Actif,2025-09-13T13:12:39.853295Z
1,Achat,Achat Importation,Auto,Warning,Échéance passée (< aujourd'hui),4489.0,Sortie,Facture,AE/2024/06/0005,Payée,https://staging-universal.hadooc.com/web#id=107969&model=account.move&view_type=form,Actif,2025-09-13T13:12:39.853295Z
1,Achat,Achat Importation,Auto,Warning,Échéance passée (< aujourd'hui),35040.0,Sortie,Facture,AE/2024/06/0010,Payée,https://staging-universal.hadooc.com/web#id=115991&model=account.move&view_type=form,Actif,2025-09-13T13:12:39.853295Z
1,Achat,Achat Importation,Auto,Warning,Échéance passée (< aujourd'hui),27161.0,Sortie,Facture,AE/2024/05/0012,Payée,https://staging-universal.hadooc.com/web#id=115994&model=account.move&view_type=form,Actif,2025-09-13T13:12:39.853295Z
1,Achat,Achat Importation,Auto,Warning,Échéance passée (< aujourd'hui),29700.0,Sortie,Facture,AE/2024/07/0009,Payée,https://staging-universal.hadooc.com/web#id=115986&model=account.move&view_type=form,Actif,2025-09-13T13:12:39.853295Z
1,Achat,Achat Importation,Auto,Warning,Échéance passée (< aujourd'hui),35029.0,Sortie,Facture,AE/2024/05/0007,Payée,https://staging-universal.hadooc.com/web#id=111688&model=account.move&view_type=form,Actif,2025-09-13T13:12:39.853295Z
1,Achat,Achat Importation,Auto,Warning,Échéance passée (< aujourd'hui),30324.0,Sortie,Facture,AE/2024/06/0004,Payée,https://staging-universal.hadooc.com/web#id=97062&model=account.move&view_type=form,Actif,2025-09-13T13:12:39.853295Z
1,Achat,Achat Importation,Auto,Warning,Échéance passée (< aujourd'hui),12694.5,Sortie,Facture,AE/2024/05/0010,Payée,https://staging-universal.hadooc.com/web#id=115992&model=account.move&view_type=form,Actif,2025-09-13T13:12:39.853295Z
1,Achat,Achat Importation,Auto,Warning,Échéance passée (< aujourd'hui),3451.0,Sortie,Facture,AE/2024/08/0002,Payée,https://staging-universal.hadooc.com/web#id=111587&model=account.move&view_type=form,Actif,2025-09-13T13:12:39.853295Z
1,Achat,Achat Importation,Auto,Warning,Échéance passée (< aujourd'hui),27133.0,Sortie,Facture,AE/2024/05/0011,Payée,https://staging-universal.hadooc.com/web#id=115993&model=account.move&view_type=form,Actif,2025-09-13T13:12:39.853295Z
1,Achat,Achat Importation,Auto,Warning,Échéance passée (< aujourd'hui),61921.0,Sortie,Facture,FACTU/2024/06/0076,Payée,https://staging-universal.hadooc.com/web#id=107993&model=account.move&view_type=form,Actif,2025-09-13T13:12:39.853295Z
1,Achat,Achat Importation,Auto,Warning,Échéance passée (< aujourd'hui),72884.2,Sortie,Facture,AE/2024/07/0005,Payée,https://staging-universal.hadooc.com/web#id=109315&model=account.move&view_type=form,Actif,2025-09-13T13:12:39.853295Z
1,Achat,Achat Importation,Auto,Warning,Échéance passée (< aujourd'hui),36046.8,Sortie,Facture,AE/2024/07/0004,Payée,https://staging-universal.hadooc.com/web#id=109297&model=account.move&view_type=form,Actif,2025-09-13T13:12:39.853295Z
1,Achat,Achat Importation,Auto,Warning,Échéance passée (< aujourd'hui),32220.0,Sortie,Facture,AE/2024/04/0005,Payée,https://staging-universal.hadooc.com/web#id=115984&model=account.move&view_type=form,Actif,2025-09-13T13:12:39.853295Z
1,Achat,Achat Importation,Auto,Warning,Échéance passée (< aujourd'hui),37996.0,Sortie,Facture,AE/2024/06/0007,Payée,https://staging-universal.hadooc.com/web#id=111108&model=account.move&view_type=form,Actif,2025-09-13T13:12:39.853295Z
1,Achat,Achat Importation,Auto,Warning,Échéance passée (< aujourd'hui),26032.85,Sortie,Facture,AE/2024/05/0006,Payée,https://staging-universal.hadooc.com/web#id=111192&model=account.move&view_type=form,Actif,2025-09-13T13:12:39.853295Z
1,Achat,Achat Importation,Auto,Warning,Échéance passée (< aujourd'hui),69696.0,Sortie,Facture,AE/2024/06/0009,Payée,https://staging-universal.hadooc.com/web#id=115990&model=account.move&view_type=form,Actif,2025-09-13T13:12:39.853295Z
1,Achat,Achat Importation,Auto,Warning,Échéance passée (< aujourd'hui),24501.0,Sortie,Facture,AE/2024/07/0008,Payée,https://staging-universal.hadooc.com/web#id=111180&model=account.move&view_type=form,Actif,2025-09-13T13:12:39.853295Z
1,Achat,Achat Importation,Auto,Warning,Échéance passée (< aujourd'hui),25650.0,Sortie,Facture,FACTU/2024/03/0054,Payée,https://staging-universal.hadooc.com/web#id=97374&model=account.move&view_type=form,Actif,2025-09-13T13:12:39.853295Z
1,Achat,Achat Importation,Auto,Warning,Échéance passée (< aujourd'hui),30938.5,Sortie,Facture,AE/2024/06/0006,Payée,https://staging-universal.hadooc.com/web#id=108294&model=account.move&view_type=form,Actif,2025-09-13T13:12:39.853295Z
1,Achat,Achat Importation,Auto,Warning,Échéance passée (< aujourd'hui),29094.0,Sortie,Facture,AE/2024/05/0003,Payée,https://staging-universal.hadooc.com/web#id=104638&model=account.move&view_type=form,Actif,2025-09-13T13:12:39.853295Z
1,Achat,Achat Importation,Auto,Warning,Échéance passée (< aujourd'hui),25194.0,Sortie,Facture,AE/2024/05/0001,Payée,https://staging-universal.hadooc.com/web#id=103600&model=account.move&view_type=form,Actif,2025-09-13T13:12:39.853295Z
1,Achat,Achat Importation,Auto,Warning,Échéance passée (< aujourd'hui),2212.6,Sortie,Facture,AE/2024/03/0005,Payée,https://staging-universal.hadooc.com/web#id=99195&model=account.move&view_type=form,Actif,2025-09-13T13:12:39.853295Z
1,Achat,Achat Importation,Auto,Warning,Échéance passée (< aujourd'hui),29453.5,Sortie,Facture,AE/2024/04/0006,Payée,https://staging-universal.hadooc.com/web#id=115985&model=account.move&view_type=form,Actif,2025-09-13T13:12:39.853295Z
1,Achat,Achat Importation,Auto,Warning,Échéance passée (< aujourd'hui),28161.0,Sortie,Facture,AE/2024/03/0008,Payée,https://staging-universal.hadooc.com/web#id=115981&model=account.move&view_type=form,Actif,2025-09-13T13:12:39.853295Z
1,Achat,Achat Importation,Auto,Warning,Échéance passée (< aujourd'hui),17400.0,Sortie,Facture,AE/2024/05/0004,Payée,https://staging-universal.hadooc.com/web#id=104855&model=account.move&view_type=form,Actif,2025-09-13T13:12:39.853295Z
1,Achat,Achat Importation,Auto,Warning,Échéance passée (< aujourd'hui),32933.7,Sortie,Facture,AE/2024/05/0009,Payée,https://staging-universal.hadooc.com/web#id=115978&model=account.move&view_type=form,Actif,2025-09-13T13:12:39.853295Z
1,Achat,Achat Importation,Auto,Warning,Échéance passée (< aujourd'hui),12750.0,Sortie,Facture,AE/2024/05/0008,Payée,https://staging-universal.hadooc.com/web#id=115976&model=account.move&view_type=form,Actif,2025-09-13T13:12:39.853295Z
1,Achat,Achat Importation,Auto,Warning,Échéance passée (< aujourd'hui),23073.4,Sortie,Facture,AE/2024/04/0003,Payée,https://staging-universal.hadooc.com/web#id=111148&model=account.move&view_type=form,Actif,2025-09-13T13:12:39.853295Z
1,Achat,Achat Importation,Auto,Warning,Échéance passée (< aujourd'hui),26925.0,Sortie,Facture,AE/2024/03/0004,Payée,https://staging-universal.hadooc.com/web#id=97709&model=account.move&view_type=form,Actif,2025-09-13T13:12:39.853295Z
1,Achat,Achat Importation,Auto,Warning,Échéance passée (< aujourd'hui),21169.0,Sortie,Facture,AE/2024/05/0005,Payée,https://staging-universal.hadooc.com/web#id=111131&model=account.move&view_type=form,Actif,2025-09-13T13:12:39.853295Z
1,Achat,Achat Importation,Auto,Warning,Échéance passée (< aujourd'hui),23041.0,Sortie,Facture,AE/2024/04/0002,Payée,https://staging-universal.hadooc.com/web#id=111125&model=account.move&view_type=form,Actif,2025-09-13T13:12:39.853295Z
1,Achat,Achat Importation,Auto,Warning,Échéance passée (< aujourd'hui),76250.0,Sortie,Facture,AE/2024/05/0002,Payée,https://staging-universal.hadooc.com/web#id=103636&model=account.move&view_type=form,Actif,2025-09-13T13:12:39.853295Z
1,Achat,Achat Importation,Auto,Warning,Échéance passée (< aujourd'hui),24854.0,Sortie,Facture,AE/2024/06/0002,Payée,https://staging-universal.hadooc.com/web#id=106111&model=account.move&view_type=form,Actif,2025-09-13T13:12:39.853295Z
1,Achat,Achat Importation,Auto,Warning,Échéance passée (< aujourd'hui),20910.6,Sortie,Facture,AE/2024/03/0006,Payée,https://staging-universal.hadooc.com/web#id=111153&model=account.move&view_type=form,Actif,2025-09-13T13:12:39.853295Z
1,Achat,Achat Importation,Auto,Warning,Échéance passée (< aujourd'hui),28036.8,Sortie,Facture,AE/2024/04/0004,Payée,https://staging-universal.hadooc.com/web#id=115979&model=account.move&view_type=form,Actif,2025-09-13T13:12:39.853295Z
1,Achat,Achat Importation,Auto,Warning,Échéance passée (< aujourd'hui),26922.0,Sortie,Facture,AE/2024/03/0001,Payée,https://staging-universal.hadooc.com/web#id=96119&model=account.move&view_type=form,Actif,2025-09-13T13:12:39.853295Z
1,Achat,Achat Importation,Auto,Warning,Échéance passée (< aujourd'hui),21971.6,Sortie,Facture,AE/2024/02/0002,Payée,https://staging-universal.hadooc.com/web#id=94797&model=account.move&view_type=form,Actif,2025-09-13T13:12:39.853295Z
1,Achat,Achat Importation,Auto,Warning,Échéance passée (< aujourd'hui),18640.0,Sortie,Facture,AE/2024/02/0001,Payée,https://staging-universal.hadooc.com/web#id=94791&model=account.move&view_type=form,Actif,2025-09-13T13:12:39.853295Z
1,Achat,Achat Importation,Auto,Warning,Échéance passée (< aujourd'hui),26547.5,Sortie,Facture,AE/2024/04/0001,Payée,https://staging-universal.hadooc.com/web#id=106067&model=account.move&view_type=form,Actif,2025-09-13T13:12:39.853295Z
1,Achat,Achat Importation,Auto,Warning,Échéance passée (< aujourd'hui),34285.0,Sortie,Facture,AE/2024/01/0004,Payée,https://staging-universal.hadooc.com/web#id=93011&model=account.move&view_type=form,Actif,2025-09-13T13:12:39.853295Z
1,Achat,Achat Importation,Auto,Warning,Échéance passée (< aujourd'hui),41580.0,Sortie,Facture,AE/2024/03/0003,Payée,https://staging-universal.hadooc.com/web#id=96933&model=account.move&view_type=form,Actif,2025-09-13T13:12:39.853295Z
1,Achat,Achat Importation,Auto,Warning,Échéance passée (< aujourd'hui),15120.0,Sortie,Facture,AE/2024/03/0002,Payée,https://staging-universal.hadooc.com/web#id=96389&model=account.move&view_type=form,Actif,2025-09-13T13:12:39.853295Z
1,Achat,Achat Importation,Auto,Warning,Échéance passée (< aujourd'hui),14830.2,Sortie,Facture,AE/2024/01/0003,Payée,https://staging-universal.hadooc.com/web#id=92891&model=account.move&view_type=form,Actif,2025-09-13T13:12:39.853295Z
1,Achat,Achat Importation,Auto,Warning,Échéance passée (< aujourd'hui),31601.0,Sortie,Facture,AE/2024/03/0007,Payée,https://staging-universal.hadooc.com/web#id=111408&model=account.move&view_type=form,Actif,2025-09-13T13:12:39.853295Z
1,Achat,Achat Importation,Auto,Warning,Échéance passée (< aujourd'hui),40722.0,Sortie,Facture,AE/2024/01/0006,Payée,https://staging-universal.hadooc.com/web#id=106075&model=account.move&view_type=form,Actif,2025-09-13T13:12:39.853295Z
1,Achat,Achat Importation,Auto,Warning,Échéance passée (< aujourd'hui),8640.0,Sortie,Facture,AE/2024/01/0005,Payée,https://staging-universal.hadooc.com/web#id=93653&model=account.move&view_type=form,Actif,2025-09-13T13:12:39.853295Z
1,Achat,Achat Importation,Auto,Warning,Échéance passée (< aujourd'hui),23402.5,Sortie,Facture,AE/2024/01/0002,Payée,https://staging-universal.hadooc.com/web#id=92369&model=account.move&view_type=form,Actif,2025-09-13T13:12:39.853295Z
1,Achat,Achat Importation,Auto,Warning,Échéance passée (< aujourd'hui),24888.5,Sortie,Facture,AE/2023/12/0009,Payée,https://staging-universal.hadooc.com/web#id=111144&model=account.move&view_type=form,Actif,2025-09-13T13:12:39.853295Z
1,Achat,Achat Importation,Auto,Warning,Échéance passée (< aujourd'hui),33810.6,Sortie,Facture,AE/2024/01/0007,Payée,https://staging-universal.hadooc.com/web#id=108559&model=account.move&view_type=form,Actif,2025-09-13T13:12:39.853295Z
1,Achat,Achat Importation,Auto,Warning,Échéance passée (< aujourd'hui),24007.5,Sortie,Facture,AE/2023/11/0004,Payée,https://staging-universal.hadooc.com/web#id=85294&model=account.move&view_type=form,Actif,2025-09-13T13:12:39.853295Z
1,Achat,Achat Importation,Auto,Warning,Échéance passée (< aujourd'hui),26113.0,Sortie,Facture,AE/2024/01/0008,Payée,https://staging-universal.hadooc.com/web#id=111141&model=account.move&view_type=form,Actif,2025-09-13T13:12:39.853295Z
1,Achat,Achat Importation,Auto,Warning,Échéance passée (< aujourd'hui),13411.13,Sortie,Facture,AE/2023/12/0004,Payée,https://staging-universal.hadooc.com/web#id=88827&model=account.move&view_type=form,Actif,2025-09-13T13:12:39.853295Z
1,Achat,Achat Importation,Auto,Warning,Échéance passée (< aujourd'hui),27132.0,Sortie,Facture,AE/2023/12/0006,Payée,https://staging-universal.hadooc.com/web#id=89382&model=account.move&view_type=form,Actif,2025-09-13T13:12:39.853295Z
1,Achat,Achat Importation,Auto,Warning,Échéance passée (< aujourd'hui),12407.4,Sortie,Facture,AE/2023/11/0002,Payée,https://staging-universal.hadooc.com/web#id=84916&model=account.move&view_type=form,Actif,2025-09-13T13:12:39.853295Z
1,Achat,Achat Importation,Auto,Warning,Échéance passée (< aujourd'hui),21222.0,Sortie,Facture,AE/2023/12/0007,Payée,https://staging-universal.hadooc.com/web#id=90878&model=account.move&view_type=form,Actif,2025-09-13T13:12:39.853295Z
1,Achat,Achat Importation,Auto,Warning,Échéance passée (< aujourd'hui),16000.0,Sortie,Facture,AE/2024/01/0001,Payée,https://staging-universal.hadooc.com/web#id=92027&model=account.move&view_type=form,Actif,2025-09-13T13:12:39.853295Z
1,Achat,Achat Importation,Auto,Warning,Échéance passée (< aujourd'hui),56625.0,Sortie,Facture,AE/2023/12/0008,Payée,https://staging-universal.hadooc.com/web#id=90930&model=account.move&view_type=form,Actif,2025-09-13T13:12:39.853295Z
1,Achat,Achat Importation,Auto,Warning,Échéance passée (< aujourd'hui),11662.0,Sortie,Facture,AE/2023/12/0001,Payée,https://staging-universal.hadooc.com/web#id=88213&model=account.move&view_type=form,Actif,2025-09-13T13:12:39.853295Z
1,Achat,Achat Importation,Auto,Warning,Échéance passée (< aujourd'hui),68605.2,Sortie,Facture,AE/2023/12/0005,Payée,https://staging-universal.hadooc.com/web#id=89372&model=account.move&view_type=form,Actif,2025-09-13T13:12:39.853295Z
1,Achat,Achat Importation,Auto,Warning,Échéance passée (< aujourd'hui),56448.0,Sortie,Facture,FACTU/2023/10/0120,Payée,https://staging-universal.hadooc.com/web#id=81949&model=account.move&view_type=form,Actif,2025-09-13T13:12:39.853295Z
1,Achat,Achat Importation,Auto,Warning,Échéance passée (< aujourd'hui),160078.8,Sortie,Facture,AE/2023/12/0003,Payée,https://staging-universal.hadooc.com/web#id=88776&model=account.move&view_type=form,Actif,2025-09-13T13:12:39.853295Z
1,Achat,Achat Importation,Auto,Warning,Échéance passée (< aujourd'hui),38688.0,Sortie,Facture,AE/2023/11/0003,Payée,https://staging-universal.hadooc.com/web#id=84995&model=account.move&view_type=form,Actif,2025-09-13T13:12:39.853295Z
1,Achat,Achat Importation,Auto,Warning,Échéance passée (< aujourd'hui),33574.7,Sortie,Facture,AE/2023/11/0005,Payée,https://staging-universal.hadooc.com/web#id=87342&model=account.move&view_type=form,Actif,2025-09-13T13:12:39.853295Z
1,Achat,Achat Importation,Auto,Warning,Échéance passée (< aujourd'hui),38345.0,Sortie,Facture,AE/2023/10/0007,Payée,https://staging-universal.hadooc.com/web#id=81684&model=account.move&view_type=form,Actif,2025-09-13T13:12:39.853295Z
1,Achat,Achat Importation,Auto,Warning,Échéance passée (< aujourd'hui),247800.0,Sortie,Facture,AE/2023/12/0002,Payée,https://staging-universal.hadooc.com/web#id=88511&model=account.move&view_type=form,Actif,2025-09-13T13:12:39.853295Z
1,Achat,Achat Importation,Auto,Warning,Échéance passée (< aujourd'hui),37000.0,Sortie,Facture,AE/2023/10/0006,Payée,https://staging-universal.hadooc.com/web#id=79960&model=account.move&view_type=form,Actif,2025-09-13T13:12:39.853295Z
1,Achat,Achat Importation,Auto,Warning,Échéance passée (< aujourd'hui),22724.0,Sortie,Facture,AE/2023/10/0002,Payée,https://staging-universal.hadooc.com/web#id=79067&model=account.move&view_type=form,Actif,2025-09-13T13:12:39.853295Z
1,Achat,Achat Importation,Auto,Warning,Échéance passée (< aujourd'hui),39534.0,Sortie,Facture,AE/2023/10/0001,Payée,https://staging-universal.hadooc.com/web#id=78904&model=account.move&view_type=form,Actif,2025-09-13T13:12:39.853295Z
1,Achat,Achat Importation,Auto,Warning,Échéance passée (< aujourd'hui),39750.0,Sortie,Facture,AE/2023/10/0005,Payée,https://staging-universal.hadooc.com/web#id=79364&model=account.move&view_type=form,Actif,2025-09-13T13:12:39.853295Z
1,Achat,Achat Importation,Auto,Warning,Échéance passée (< aujourd'hui),34500.0,Sortie,Facture,AE/2023/10/0004,Payée,https://staging-universal.hadooc.com/web#id=79349&model=account.move&view_type=form,Actif,2025-09-13T13:12:39.853295Z
1,Achat,Achat Importation,Auto,Warning,Échéance passée (< aujourd'hui),24750.0,Sortie,Facture,AE/2023/10/0003,Payée,https://staging-universal.hadooc.com/web#id=79331&model=account.move&view_type=form,Actif,2025-09-13T13:12:39.853295Z
1,Achat,Achat Importation,Auto,Warning,Échéance passée (< aujourd'hui),44961.6,Sortie,Facture,AE/2023/10/0011,Payée,https://staging-universal.hadooc.com/web#id=83354&model=account.move&view_type=form,Actif,2025-09-13T13:12:39.853295Z
1,Achat,Achat Importation,Auto,Warning,Échéance passée (< aujourd'hui),110250.0,Sortie,Facture,AE/2023/10/0010,Payée,https://staging-universal.hadooc.com/web#id=83232&model=account.move&view_type=form,Actif,2025-09-13T13:12:39.853295Z
1,Achat,Achat Importation,Auto,Warning,Échéance passée (< aujourd'hui),117600.0,Sortie,Facture,AE/2023/10/0008,Payée,https://staging-universal.hadooc.com/web#id=82758&model=account.move&view_type=form,Actif,2025-09-13T13:12:39.853295Z
1,Achat,Achat Importation,Auto,Warning,Échéance passée (< aujourd'hui),39468.0,Sortie,Facture,AE/2023/09/0002,Payée,https://staging-universal.hadooc.com/web#id=86002&model=account.move&view_type=form,Actif,2025-09-13T13:12:39.853295Z
1,Achat,Achat Importation,Auto,Warning,Échéance passée (< aujourd'hui),20790.0,Sortie,Facture,FACTU/2023/09/0035,Payée,https://staging-universal.hadooc.com/web#id=75401&model=account.move&view_type=form,Actif,2025-09-13T13:12:39.853295Z
1,Achat,Achat Importation,Auto,Warning,Échéance passée (< aujourd'hui),15025.0,Sortie,Facture,FACTU/2023/09/0015,Payée,https://staging-universal.hadooc.com/web#id=75165&model=account.move&view_type=form,Actif,2025-09-13T13:12:39.853295Z
1,Achat,Achat Importation,Auto,Warning,Échéance passée (< aujourd'hui),36720.0,Sortie,Facture,FACTU/2023/09/0014,Payée,https://staging-universal.hadooc.com/web#id=75162&model=account.move&view_type=form,Actif,2025-09-13T13:12:39.853295Z
1,Achat,Achat Importation,Auto,Warning,Échéance passée (< aujourd'hui),21320.0,Sortie,Facture,FACTU/2023/09/0013,Payée,https://staging-universal.hadooc.com/web#id=75159&model=account.move&view_type=form,Actif,2025-09-13T13:12:39.853295Z
1,Achat,Achat Importation,Auto,Warning,Échéance passée (< aujourd'hui),26720.0,Sortie,Facture,FACTU/2023/09/0011,Payée,https://staging-universal.hadooc.com/web#id=75151&model=account.move&view_type=form,Actif,2025-09-13T13:12:39.853295Z
1,Achat,Achat Importation,Auto,Warning,Échéance passée (< aujourd'hui),66922.24,Sortie,Facture,FACTU/2023/09/0010,Payée,https://staging-universal.hadooc.com/web#id=75145&model=account.move&view_type=form,Actif,2025-09-13T13:12:39.853295Z
1,Achat,Achat Importation,Auto,Warning,Échéance passée (< aujourd'hui),30208.0,Sortie,Facture,FACTU/2023/09/0009,Payée,https://staging-universal.hadooc.com/web#id=75132&model=account.move&view_type=form,Actif,2025-09-13T13:12:39.853295Z
1,Achat,Achat Importation,Auto,Warning,Échéance passée (< aujourd'hui),81500.0,Sortie,Facture,FACTU/2023/09/0008,Payée,https://staging-universal.hadooc.com/web#id=75121&model=account.move&view_type=form,Actif,2025-09-13T13:12:39.853295Z
1,Achat,Achat Importation,Auto,Warning,Échéance passée (< aujourd'hui),23040.0,Sortie,Facture,AE/2023/09/0004,Payée,https://staging-universal.hadooc.com/web#id=82160&model=account.move&view_type=form,Actif,2025-09-13T13:12:39.853295Z
1,Achat,Achat Importation,Auto,Warning,Échéance passée (< aujourd'hui),50600.0,Sortie,Facture,FACTU/2023/08/0062,Payée,https://staging-universal.hadooc.com/web#id=72167&model=account.move&view_type=form,Actif,2025-09-13T13:12:39.853295Z
1,Achat,Achat Importation,Auto,Warning,Échéance passée (< aujourd'hui),20000.0,Sortie,Facture,FACTU/2023/08/0061,Payée,https://staging-universal.hadooc.com/web#id=72164&model=account.move&view_type=form,Actif,2025-09-13T13:12:39.853295Z
1,Achat,Achat Importation,Auto,Warning,Échéance passée (< aujourd'hui),26980.0,Sortie,Facture,FACTU/2023/08/0060,Payée,https://staging-universal.hadooc.com/web#id=72158&model=account.move&view_type=form,Actif,2025-09-13T13:12:39.853295Z
1,Achat,Achat Importation,Auto,Warning,Échéance passée (< aujourd'hui),19125.0,Sortie,Facture,AE/2023/09/0001,Payée,https://staging-universal.hadooc.com/web#id=86001&model=account.move&view_type=form,Actif,2025-09-13T13:12:39.853295Z
1,Achat,Achat Importation,Auto,Warning,Échéance passée (< aujourd'hui),5040.0,Sortie,Facture,FACTU/2023/08/0008,Payée,https://staging-universal.hadooc.com/web#id=71604&model=account.move&view_type=form,Actif,2025-09-13T13:12:39.853295Z
1,Achat,Achat Importation,Auto,Warning,Échéance passée (< aujourd'hui),38977.0,Sortie,Facture,AE/2023/08/0004,Payée,https://staging-universal.hadooc.com/web#id=108464&model=account.move&view_type=form,Actif,2025-09-13T13:12:39.853295Z
1,Achat,Achat Importation,Auto,Warning,Échéance passée (< aujourd'hui),15576.0,Sortie,Facture,AE/2023/09/0003,Payée,https://staging-universal.hadooc.com/web#id=86003&model=account.move&view_type=form,Actif,2025-09-13T13:12:39.853295Z
1,Achat,Achat Importation,Auto,Warning,Échéance passée (< aujourd'hui),16400.0,Sortie,Facture,AE/2023/08/0002,Payée,https://staging-universal.hadooc.com/web#id=86005&model=account.move&view_type=form,Actif,2025-09-13T13:12:39.853295Z
1,Achat,Achat Importation,Auto,Warning,Échéance passée (< aujourd'hui),81396.0,Sortie,Facture,AE/2023/08/0001,Payée,https://staging-universal.hadooc.com/web#id=86004&model=account.move&view_type=form,Actif,2025-09-13T13:12:39.853295Z
1,Achat,Achat Importation,Auto,Warning,Échéance passée (< aujourd'hui),235200.0,Sortie,Facture,AE/2023/08/0003,Payée,https://staging-universal.hadooc.com/web#id=86007&model=account.move&view_type=form,Actif,2025-09-13T13:12:39.853295Z
1,Achat,Achat Importation,Auto,Warning,Échéance passée (< aujourd'hui),26720.0,Sortie,Facture,AE/2023/10/0009,Payée,https://staging-universal.hadooc.com/web#id=82928&model=account.move&view_type=form,Actif,2025-09-13T13:12:39.853295Z
1,Achat,Achat Importation,Auto,Warning,Échéance passée (< aujourd'hui),21367.2,Sortie,Facture,AE/2023/07/0001,Payée,https://staging-universal.hadooc.com/web#id=86008&model=account.move&view_type=form,Actif,2025-09-13T13:12:39.853295Z
1,Achat,Achat Importation,Auto,Warning,Échéance passée (< aujourd'hui),26991.0,Sortie,Facture,AE/2023/07/0002,Payée,https://staging-universal.hadooc.com/web#id=86016&model=account.move&view_type=form,Actif,2025-09-13T13:12:39.853295Z
1,Achat,Achat Importation,Auto,Warning,Échéance passée (< aujourd'hui),44982.0,Sortie,Facture,AE/2023/06/0012,Payée,https://staging-universal.hadooc.com/web#id=81683&model=account.move&view_type=form,Actif,2025-09-13T13:12:39.853295Z
1,Achat,Achat Importation,Auto,Warning,Échéance passée (< aujourd'hui),9760.0,Sortie,Facture,AE/2023/06/0011,Payée,https://staging-universal.hadooc.com/web#id=68360&model=account.move&view_type=form,Actif,2025-09-13T13:12:39.853295Z
1,Achat,Achat Importation,Auto,Warning,Échéance passée (< aujourd'hui),25420.5,Sortie,Facture,AE/2023/06/0008,Payée,https://staging-universal.hadooc.com/web#id=67223&model=account.move&view_type=form,Actif,2025-09-13T13:12:39.853295Z
1,Achat,Achat Importation,Auto,Warning,Échéance passée (< aujourd'hui),25985.4,Sortie,Facture,AE/2023/06/0007,Payée,https://staging-universal.hadooc.com/web#id=67207&model=account.move&view_type=form,Actif,2025-09-13T13:12:39.853295Z
1,Achat,Achat Importation,Auto,Warning,Échéance passée (< aujourd'hui),118256.0,Sortie,Facture,AE/2023/06/0010,Payée,https://staging-universal.hadooc.com/web#id=67499&model=account.move&view_type=form,Actif,2025-09-13T13:12:39.853295Z
1,Achat,Achat Importation,Auto,Warning,Échéance passée (< aujourd'hui),28800.0,Sortie,Facture,AE/2023/06/0004,Payée,https://staging-universal.hadooc.com/web#id=66837&model=account.move&view_type=form,Actif,2025-09-13T13:12:39.853295Z
1,Achat,Achat Importation,Auto,Warning,Échéance passée (< aujourd'hui),26482.5,Sortie,Facture,AE/2023/06/0009,Payée,https://staging-universal.hadooc.com/web#id=67231&model=account.move&view_type=form,Actif,2025-09-13T13:12:39.853295Z
1,Achat,Achat Importation,Auto,Warning,Échéance passée (< aujourd'hui),12138.0,Sortie,Facture,AE/2023/06/0006,Payée,https://staging-universal.hadooc.com/web#id=67133&model=account.move&view_type=form,Actif,2025-09-13T13:12:39.853295Z
1,Achat,Achat Importation,Auto,Warning,Échéance passée (< aujourd'hui),19514.0,Sortie,Facture,AE/2023/06/0005,Payée,https://staging-universal.hadooc.com/web#id=67126&model=account.move&view_type=form,Actif,2025-09-13T13:12:39.853295Z
1,Achat,Achat Importation,Auto,Warning,Échéance passée (< aujourd'hui),40000.0,Sortie,Facture,AE/2023/07/0003,Payée,https://staging-universal.hadooc.com/web#id=86017&model=account.move&view_type=form,Actif,2025-09-13T13:12:39.853295Z
1,Achat,Achat Importation,Auto,Warning,Échéance passée (< aujourd'hui),42864.0,Sortie,Facture,AE/2023/06/0001,Payée,https://staging-universal.hadooc.com/web#id=65851&model=account.move&view_type=form,Actif,2025-09-13T13:12:39.853295Z
1,Achat,Achat Importation,Auto,Warning,Échéance passée (< aujourd'hui),42864.0,Sortie,Facture,AE/2023/06/0003,Payée,https://staging-universal.hadooc.com/web#id=65870&model=account.move&view_type=form,Actif,2025-09-13T13:12:39.853295Z
1,Achat,Achat Importation,Auto,Warning,Échéance passée (< aujourd'hui),42384.0,Sortie,Facture,AE/2023/06/0002,Payée,https://staging-universal.hadooc.com/web#id=65859&model=account.move&view_type=form,Actif,2025-09-13T13:12:39.853295Z
1,Achat,Achat Importation,Auto,Warning,Échéance passée (< aujourd'hui),1978.0,Sortie,Facture,AE/2023/05/0011,Payée,https://staging-universal.hadooc.com/web#id=64079&model=account.move&view_type=form,Actif,2025-09-13T13:12:39.853295Z
1,Achat,Achat Importation,Auto,Warning,Échéance passée (< aujourd'hui),30442.5,Sortie,Facture,AE/2023/05/0012,Payée,https://staging-universal.hadooc.com/web#id=64081&model=account.move&view_type=form,Actif,2025-09-13T13:12:39.853295Z
1,Achat,Achat Importation,Auto,Warning,Échéance passée (< aujourd'hui),22018.8,Sortie,Facture,AE/2023/06/0013,Payée,https://staging-universal.hadooc.com/web#id=108569&model=account.move&view_type=form,Actif,2025-09-13T13:12:39.853295Z
1,Achat,Achat Importation,Auto,Warning,Échéance passée (< aujourd'hui),50000.4,Sortie,Facture,AE/2023/05/0010,Payée,https://staging-universal.hadooc.com/web#id=63476&model=account.move&view_type=form,Actif,2025-09-13T13:12:39.853295Z
1,Achat,Achat Importation,Auto,Warning,Échéance passée (< aujourd'hui),43600.0,Sortie,Facture,AE/2023/05/0008,Payée,https://staging-universal.hadooc.com/web#id=63130&model=account.move&view_type=form,Actif,2025-09-13T13:12:39.853295Z
1,Achat,Achat Importation,Auto,Warning,Échéance passée (< aujourd'hui),25000.2,Sortie,Facture,AE/2023/05/0013,Payée,https://staging-universal.hadooc.com/web#id=64083&model=account.move&view_type=form,Actif,2025-09-13T13:12:39.853295Z
1,Achat,Achat Importation,Auto,Warning,Échéance passée (< aujourd'hui),35938.92,Sortie,Facture,AE/2023/05/0009,Payée,https://staging-universal.hadooc.com/web#id=63177&model=account.move&view_type=form,Actif,2025-09-13T13:12:39.853295Z
1,Achat,Achat Importation,Auto,Warning,Échéance passée (< aujourd'hui),39662.5,Sortie,Facture,AE/2023/05/0005,Payée,https://staging-universal.hadooc.com/web#id=62622&model=account.move&view_type=form,Actif,2025-09-13T13:12:39.853295Z
1,Achat,Achat Importation,Auto,Warning,Échéance passée (< aujourd'hui),23000.0,Sortie,Facture,AE/2023/05/0006,Payée,https://staging-universal.hadooc.com/web#id=62729&model=account.move&view_type=form,Actif,2025-09-13T13:12:39.853295Z
1,Achat,Achat Importation,Auto,Warning,Échéance passée (< aujourd'hui),81270.0,Sortie,Facture,AE/2023/05/0007,Payée,https://staging-universal.hadooc.com/web#id=62762&model=account.move&view_type=form,Actif,2025-09-13T13:12:39.853295Z
1,Achat,Achat Importation,Auto,Warning,Échéance passée (< aujourd'hui),47000.0,Sortie,Facture,AE/2023/05/0004,Payée,https://staging-universal.hadooc.com/web#id=61522&model=account.move&view_type=form,Actif,2025-09-13T13:12:39.853295Z
1,Achat,Achat Importation,Auto,Warning,Échéance passée (< aujourd'hui),14332.5,Sortie,Facture,AE/2023/05/0003,Payée,https://staging-universal.hadooc.com/web#id=60383&model=account.move&view_type=form,Actif,2025-09-13T13:12:39.853295Z
1,Achat,Achat Importation,Auto,Warning,Échéance passée (< aujourd'hui),18960.0,Sortie,Facture,AE/2023/05/0002,Payée,https://staging-universal.hadooc.com/web#id=60360&model=account.move&view_type=form,Actif,2025-09-13T13:12:39.853295Z
1,Achat,Achat Importation,Auto,Warning,Échéance passée (< aujourd'hui),24320.0,Sortie,Facture,AE/2023/05/0001,Payée,https://staging-universal.hadooc.com/web#id=60020&model=account.move&view_type=form,Actif,2025-09-13T13:12:39.853295Z
1,Achat,Achat Importation,Auto,Warning,Échéance passée (< aujourd'hui),9760.0,Sortie,Facture,AE/2023/04/0008,Payée,https://staging-universal.hadooc.com/web#id=61533&model=account.move&view_type=form,Actif,2025-09-13T13:12:39.853295Z
1,Achat,Achat Importation,Auto,Warning,Échéance passée (< aujourd'hui),21156.0,Sortie,Facture,AE/2023/04/0011,Payée,https://staging-universal.hadooc.com/web#id=62975&model=account.move&view_type=form,Actif,2025-09-13T13:12:39.853295Z
1,Achat,Achat Importation,Auto,Warning,Échéance passée (< aujourd'hui),36000.0,Sortie,Facture,AE/2023/04/0009,Payée,https://staging-universal.hadooc.com/web#id=62642&model=account.move&view_type=form,Actif,2025-09-13T13:12:39.853295Z
1,Achat,Achat Importation,Auto,Warning,Échéance passée (< aujourd'hui),24840.0,Sortie,Facture,AE/2023/04/0010,Payée,https://staging-universal.hadooc.com/web#id=62718&model=account.move&view_type=form,Actif,2025-09-13T13:12:39.853295Z
1,Achat,Achat Importation,Auto,Warning,Échéance passée (< aujourd'hui),65000.0,Sortie,Facture,AE/2023/04/0007,Payée,https://staging-universal.hadooc.com/web#id=60225&model=account.move&view_type=form,Actif,2025-09-13T13:12:39.853295Z
1,Achat,Achat Importation,Auto,Warning,Échéance passée (< aujourd'hui),30600.0,Sortie,Facture,AE/2023/04/0006,Payée,https://staging-universal.hadooc.com/web#id=58718&model=account.move&view_type=form,Actif,2025-09-13T13:12:39.853295Z
1,Achat,Achat Importation,Auto,Warning,Échéance passée (< aujourd'hui),14796.0,Sortie,Facture,AE/2023/04/0005,Payée,https://staging-universal.hadooc.com/web#id=58711&model=account.move&view_type=form,Actif,2025-09-13T13:12:39.853295Z
1,Achat,Achat Importation,Auto,Warning,Échéance passée (< aujourd'hui),14592.0,Sortie,Facture,AE/2023/04/0004,Payée,https://staging-universal.hadooc.com/web#id=58582&model=account.move&view_type=form,Actif,2025-09-13T13:12:39.853295Z
1,Achat,Achat Importation,Auto,Warning,Échéance passée (< aujourd'hui),9760.0,Sortie,Facture,AE/2023/04/0003,Payée,https://staging-universal.hadooc.com/web#id=58357&model=account.move&view_type=form,Actif,2025-09-13T13:12:39.853295Z
1,Achat,Achat Importation,Auto,Warning,Échéance passée (< aujourd'hui),34865.0,Sortie,Facture,AE/2023/04/0002,Payée,https://staging-universal.hadooc.com/web#id=58339&model=account.move&view_type=form,Actif,2025-09-13T13:12:39.853295Z
1,Achat,Achat Importation,Auto,Warning,Échéance passée (< aujourd'hui),52320.0,Sortie,Facture,FACTU/2023/04/0007,Payée,https://staging-universal.hadooc.com/web#id=57423&model=account.move&view_type=form,Actif,2025-09-13T13:12:39.853295Z
1,Achat,Achat Importation,Auto,Warning,Échéance passée (< aujourd'hui),25628.0,Sortie,Facture,AE/2023/04/0001,Payée,https://staging-universal.hadooc.com/web#id=57784&model=account.move&view_type=form,Actif,2025-09-13T13:12:39.853295Z
1,Achat,Achat Importation,Auto,Warning,Échéance passée (< aujourd'hui),29126.4,Sortie,Facture,FACTU/2023/03/0621,Payée,https://staging-universal.hadooc.com/web#id=57357&model=account.move&view_type=form,Actif,2025-09-13T13:12:39.853295Z
1,Achat,Achat Importation,Auto,Warning,Échéance passée (< aujourd'hui),18768.4,Sortie,Facture,AE/2023/03/0010,Payée,https://staging-universal.hadooc.com/web#id=58152&model=account.move&view_type=form,Actif,2025-09-13T13:12:39.853295Z
1,Achat,Achat Importation,Auto,Warning,Échéance passée (< aujourd'hui),29670.4,Sortie,Facture,AE/2023/03/0004,Payée,https://staging-universal.hadooc.com/web#id=56430&model=account.move&view_type=form,Actif,2025-09-13T13:12:39.853295Z
1,Achat,Achat Importation,Auto,Warning,Échéance passée (< aujourd'hui),59827.2,Sortie,Facture,AE/2023/03/0005,Payée,https://staging-universal.hadooc.com/web#id=56438&model=account.move&view_type=form,Actif,2025-09-13T13:12:39.853295Z
1,Achat,Achat Importation,Auto,Warning,Échéance passée (< aujourd'hui),30400.0,Sortie,Facture,AE/2023/03/0003,Payée,https://staging-universal.hadooc.com/web#id=56419&model=account.move&view_type=form,Actif,2025-09-13T13:12:39.853295Z
1,Achat,Achat Importation,Auto,Warning,Échéance passée (< aujourd'hui),23535.2,Sortie,Facture,AE/2023/03/0007,Payée,https://staging-universal.hadooc.com/web#id=57869&model=account.move&view_type=form,Actif,2025-09-13T13:12:39.853295Z
1,Achat,Achat Importation,Auto,Warning,Échéance passée (< aujourd'hui),24840.0,Sortie,Facture,FACTU/2023/03/0164,En attente,https://staging-universal.hadooc.com/web#id=54185&model=account.move&view_type=form,Actif,2025-09-13T13:12:39.853295Z
1,Achat,Achat Importation,Auto,Warning,Échéance passée (< aujourd'hui),9480.0,Sortie,Facture,AE/2023/03/0002,Payée,https://staging-universal.hadooc.com/web#id=55237&model=account.move&view_type=form,Actif,2025-09-13T13:12:39.853295Z
1,Achat,Achat Importation,Auto,Warning,Échéance passée (< aujourd'hui),17280.0,Sortie,Facture,AE/2023/03/0009,Payée,https://staging-universal.hadooc.com/web#id=57874&model=account.move&view_type=form,Actif,2025-09-13T13:12:39.853295Z
1,Achat,Achat Importation,Auto,Warning,Échéance passée (< aujourd'hui),6342.0,Sortie,Facture,FACTU/2023/03/0030,En attente,https://staging-universal.hadooc.com/web#id=53824&model=account.move&view_type=form,Actif,2025-09-13T13:12:39.853295Z
1,Achat,Achat Importation,Auto,Warning,Échéance passée (< aujourd'hui),17172.0,Sortie,Facture,FACTU/2023/03/0008,Payée,https://staging-universal.hadooc.com/web#id=53029&model=account.move&view_type=form,Actif,2025-09-13T13:12:39.853295Z
1,Achat,Achat Importation,Auto,Warning,Échéance passée (< aujourd'hui),28745.5,Sortie,Facture,AE/2023/03/0008,Payée,https://staging-universal.hadooc.com/web#id=57871&model=account.move&view_type=form,Actif,2025-09-13T13:12:39.853295Z
1,Achat,Achat Importation,Auto,Warning,Échéance passée (< aujourd'hui),24155.2,Sortie,Facture,FACTU/2023/02/0039,Payée,https://staging-universal.hadooc.com/web#id=50911&model=account.move&view_type=form,Actif,2025-09-13T13:12:39.853295Z
1,Achat,Achat Importation,Auto,Warning,Échéance passée (< aujourd'hui),26284.8,Sortie,Facture,AE/2023/02/0003,Payée,https://staging-universal.hadooc.com/web#id=50616&model=account.move&view_type=form,Actif,2025-09-13T13:12:39.853295Z
1,Achat,Achat Importation,Auto,Warning,Échéance passée (< aujourd'hui),61460.0,Sortie,Facture,AE/2023/02/0002,Payée,https://staging-universal.hadooc.com/web#id=49085&model=account.move&view_type=form,Actif,2025-09-13T13:12:39.853295Z
1,Achat,Achat Importation,Auto,Warning,Échéance passée (< aujourd'hui),45645.4,Sortie,Facture,AE/2023/02/0001,Payée,https://staging-universal.hadooc.com/web#id=48402&model=account.move&view_type=form,Actif,2025-09-13T13:12:39.853295Z
1,Achat,Achat Importation,Auto,Warning,Échéance passée (< aujourd'hui),39469.0,Sortie,Facture,AE/2023/02/0004,Payée,https://staging-universal.hadooc.com/web#id=56306&model=account.move&view_type=form,Actif,2025-09-13T13:12:39.853295Z
1,Achat,Achat Importation,Auto,Warning,Échéance passée (< aujourd'hui),108300.0,Sortie,Facture,AE/2023/03/0011,Payée,https://staging-universal.hadooc.com/web#id=81681&model=account.move&view_type=form,Actif,2025-09-13T13:12:39.853295Z
1,Achat,Achat Importation,Auto,Warning,Échéance passée (< aujourd'hui),23067.0,Sortie,Facture,AE/2023/01/0004,Payée,https://staging-universal.hadooc.com/web#id=47488&model=account.move&view_type=form,Actif,2025-09-13T13:12:39.853295Z
1,Achat,Achat Importation,Auto,Warning,Échéance passée (< aujourd'hui),23335.9,Sortie,Facture,AE/2023/01/0003,Payée,https://staging-universal.hadooc.com/web#id=47485&model=account.move&view_type=form,Actif,2025-09-13T13:12:39.853295Z
1,Achat,Achat Importation,Auto,Warning,Échéance passée (< aujourd'hui),48750.0,Sortie,Facture,AE/2023/01/0006,Payée,https://staging-universal.hadooc.com/web#id=48127&model=account.move&view_type=form,Actif,2025-09-13T13:12:39.853295Z
1,Achat,Achat Importation,Auto,Warning,Échéance passée (< aujourd'hui),21460.0,Sortie,Facture,AE/2023/01/0005,Payée,https://staging-universal.hadooc.com/web#id=47498&model=account.move&view_type=form,Actif,2025-09-13T13:12:39.853295Z
1,Achat,Achat Importation,Auto,Warning,Échéance passée (< aujourd'hui),14976.0,Sortie,Facture,AE/2023/01/0002,Payée,https://staging-universal.hadooc.com/web#id=46685&model=account.move&view_type=form,Actif,2025-09-13T13:12:39.853295Z
1,Achat,Achat Importation,Auto,Warning,Échéance passée (< aujourd'hui),3882.0,Sortie,Facture,FACTU/2023/01/0043,Payée,https://staging-universal.hadooc.com/web#id=47482&model=account.move&view_type=form,Actif,2025-09-13T13:12:39.853295Z
1,Achat,Achat Importation,Auto,Warning,Échéance passée (< aujourd'hui),93800.0,Sortie,Facture,AE/2023/03/0012,Payée,https://staging-universal.hadooc.com/web#id=81682&model=account.move&view_type=form,Actif,2025-09-13T13:12:39.853295Z
1,Achat,Achat Importation,Auto,Warning,Échéance passée (< aujourd'hui),36660.0,Sortie,Facture,FACTU/2023/01/0022,Payée,https://staging-universal.hadooc.com/web#id=46661&model=account.move&view_type=form,Actif,2025-09-13T13:12:39.853295Z
1,Achat,Achat Importation,Auto,Warning,Échéance passée (< aujourd'hui),19440.0,Sortie,Facture,AE/2023/01/0001,Payée,https://staging-universal.hadooc.com/web#id=46679&model=account.move&view_type=form,Actif,2025-09-13T13:12:39.853295Z
1,Achat,Achat Importation,Auto,Warning,Échéance passée (< aujourd'hui),28517.5,Sortie,Facture,FACTU/2022/12/0105,Payée,https://staging-universal.hadooc.com/web#id=47483&model=account.move&view_type=form,Actif,2025-09-13T13:12:39.853295Z
1,Achat,Achat Importation,Auto,Warning,Échéance passée (< aujourd'hui),29711.25,Sortie,Facture,FACTU/2022/12/0098,Payée,https://staging-universal.hadooc.com/web#id=46691&model=account.move&view_type=form,Actif,2025-09-13T13:12:39.853295Z
1,Achat,Achat Importation,Auto,Warning,Échéance passée (< aujourd'hui),37867.5,Sortie,Facture,FACTU/2022/12/0097,Payée,https://staging-universal.hadooc.com/web#id=46662&model=account.move&view_type=form,Actif,2025-09-13T13:12:39.853295Z
1,Achat,Achat Importation,Auto,Warning,Échéance passée (< aujourd'hui),35840.0,Sortie,Facture,FACTU/2022/12/0014,Payée,https://staging-universal.hadooc.com/web#id=43233&model=account.move&view_type=form,Actif,2025-09-13T13:12:39.853295Z
1,Achat,Achat Importation,Auto,Warning,Échéance passée (< aujourd'hui),35782.5,Sortie,Facture,FACTU/2022/12/0096,Payée,https://staging-universal.hadooc.com/web#id=46660&model=account.move&view_type=form,Actif,2025-09-13T13:12:39.853295Z
1,Achat,Achat Importation,Auto,Warning,Échéance passée (< aujourd'hui),29711.25,Sortie,Facture,FACTU/2022/11/0057,Payée,https://staging-universal.hadooc.com/web#id=42177&model=account.move&view_type=form,Actif,2025-09-13T13:12:39.853295Z
1,Achat,Achat Importation,Auto,Warning,Échéance passée (< aujourd'hui),17200.0,Sortie,Facture,FACTU/2022/11/0060,Payée,https://staging-universal.hadooc.com/web#id=42187&model=account.move&view_type=form,Actif,2025-09-13T13:12:39.853295Z
1,Achat,Achat Importation,Auto,Warning,Échéance passée (< aujourd'hui),5330.4,Sortie,Facture,FACTU/2022/11/0058,En attente,https://staging-universal.hadooc.com/web#id=42179&model=account.move&view_type=form,Actif,2025-09-13T13:12:39.853295Z
1,Achat,Achat Importation,Auto,Warning,Échéance passée (< aujourd'hui),37189.8,Sortie,Facture,AE/2022/11/0001,Payée,https://staging-universal.hadooc.com/web#id=106040&model=account.move&view_type=form,Actif,2025-09-13T13:12:39.853295Z
1,Achat,Achat Importation,Auto,Warning,Échéance passée (< aujourd'hui),53568.0,Sortie,Facture,FACTU/2022/11/0061,Payée,https://staging-universal.hadooc.com/web#id=42188&model=account.move&view_type=form,Actif,2025-09-13T13:12:39.853295Z
1,Achat,Achat Importation,Auto,Warning,Échéance passée (< aujourd'hui),46300.0,Sortie,Facture,FACTU/2022/10/0089,Payée,https://staging-universal.hadooc.com/web#id=42186&model=account.move&view_type=form,Actif,2025-09-13T13:12:39.853295Z
1,Achat,Achat Importation,Auto,Warning,Échéance passée (< aujourd'hui),32640.0,Sortie,Facture,FACTU/2022/10/0085,En attente,https://staging-universal.hadooc.com/web#id=42180&model=account.move&view_type=form,Actif,2025-09-13T13:12:39.853295Z
1,Achat,Achat Importation,Auto,Warning,Échéance passée (< aujourd'hui),2590.0,Sortie,Facture,FACTU/2022/10/0087,En attente,https://staging-universal.hadooc.com/web#id=42183&model=account.move&view_type=form,Actif,2025-09-13T13:12:39.853295Z
1,Achat,Achat Importation,Auto,Warning,Échéance passée (< aujourd'hui),38236.6,Sortie,Facture,FACTU/2022/10/0086,En attente,https://staging-universal.hadooc.com/web#id=42181&model=account.move&view_type=form,Actif,2025-09-13T13:12:39.853295Z
1,Achat,Achat Importation,Auto,Warning,Échéance passée (< aujourd'hui),20848.8,Sortie,Facture,AE/2022/10/0001,Payée,https://staging-universal.hadooc.com/web#id=35928&model=account.move&view_type=form,Actif,2025-09-13T13:12:39.853295Z
1,Achat,Achat Importation,Auto,Warning,Échéance passée (< aujourd'hui),27292.8,Sortie,Facture,FACTU/2022/10/0088,Payée,https://staging-universal.hadooc.com/web#id=42184&model=account.move&view_type=form,Actif,2025-09-13T13:12:39.853295Z
1,Achat,Achat Importation,Auto,Warning,Échéance passée (< aujourd'hui),44600.0,Sortie,Facture,FACTU/2022/10/0003,Payée,https://staging-universal.hadooc.com/web#id=33813&model=account.move&view_type=form,Actif,2025-09-13T13:12:39.853295Z
1,Achat,Achat Importation,Auto,Warning,Échéance passée (< aujourd'hui),34650.0,Sortie,Facture,FACTU/2022/09/0105,En attente,https://staging-universal.hadooc.com/web#id=42185&model=account.move&view_type=form,Actif,2025-09-13T13:12:39.853295Z
1,Achat,Achat Importation,Auto,Warning,Échéance passée (< aujourd'hui),42174.0,Sortie,Facture,FACTU/2022/09/0058,Payée,https://staging-universal.hadooc.com/web#id=33213&model=account.move&view_type=form,Actif,2025-09-13T13:12:39.853295Z
1,Achat,Achat Importation,Auto,Warning,Échéance passée (< aujourd'hui),21000.0,Sortie,Facture,FACTU/2022/09/0106,Payée,https://staging-universal.hadooc.com/web#id=42189&model=account.move&view_type=form,Actif,2025-09-13T13:12:39.853295Z
1,Achat,Achat Importation,Auto,Warning,Échéance passée (< aujourd'hui),35768.0,Sortie,Facture,FACTU/2022/09/0070,Payée,https://staging-universal.hadooc.com/web#id=33502&model=account.move&view_type=form,Actif,2025-09-13T13:12:39.853295Z
1,Achat,Achat Importation,Auto,Warning,Échéance passée (< aujourd'hui),33840.0,Sortie,Facture,FACTU/2022/09/0071,Payée,https://staging-universal.hadooc.com/web#id=33505&model=account.move&view_type=form,Actif,2025-09-13T13:12:39.853295Z
1,Achat,Achat Importation,Auto,Warning,Échéance passée (< aujourd'hui),19299.0,Sortie,Facture,FACTU/2022/09/0068,Payée,https://staging-universal.hadooc.com/web#id=33483&model=account.move&view_type=form,Actif,2025-09-13T13:12:39.853295Z
1,Achat,Achat Importation,Auto,Warning,Échéance passée (< aujourd'hui),40643.8,Sortie,Facture,FACTU/2022/09/0069,Payée,https://staging-universal.hadooc.com/web#id=33492&model=account.move&view_type=form,Actif,2025-09-13T13:12:39.853295Z
1,Achat,Achat Importation,Auto,Warning,Échéance passée (< aujourd'hui),25305.0,Sortie,Facture,FACTU/2022/08/0075,En attente,https://staging-universal.hadooc.com/web#id=42190&model=account.move&view_type=form,Actif,2025-09-13T13:12:39.853295Z
1,Achat,Achat Importation,Auto,Warning,Échéance passée (< aujourd'hui),25305.0,Sortie,Facture,FACTU/2022/08/0066,Payée,https://staging-universal.hadooc.com/web#id=31452&model=account.move&view_type=form,Actif,2025-09-13T13:12:39.853295Z
1,Achat,Achat Importation,Auto,Warning,Échéance passée (< aujourd'hui),8494.0,Sortie,Facture,FACTU/2022/08/0073,Payée,https://staging-universal.hadooc.com/web#id=33484&model=account.move&view_type=form,Actif,2025-09-13T13:12:39.853295Z
1,Achat,Achat Importation,Auto,Warning,Échéance passée (< aujourd'hui),3546.0,Sortie,Facture,FACTU/2022/08/0039,Payée,https://staging-universal.hadooc.com/web#id=29207&model=account.move&view_type=form,Actif,2025-09-13T13:12:39.853295Z
1,Achat,Achat Importation,Auto,Warning,Échéance passée (< aujourd'hui),5232.0,Sortie,Facture,FACTU/2022/08/0040,Payée,https://staging-universal.hadooc.com/web#id=29208&model=account.move&view_type=form,Actif,2025-09-13T13:12:39.853295Z
1,Achat,Achat Importation,Auto,Warning,Échéance passée (< aujourd'hui),18300.0,Sortie,Facture,FACTU/2022/08/0011,Payée,https://staging-universal.hadooc.com/web#id=27992&model=account.move&view_type=form,Actif,2025-09-13T13:12:39.853295Z
1,Achat,Achat Importation,Auto,Warning,Échéance passée (< aujourd'hui),4326.0,Sortie,Facture,FACTU/2022/08/0010,Payée,https://staging-universal.hadooc.com/web#id=27986&model=account.move&view_type=form,Actif,2025-09-13T13:12:39.853295Z
1,Achat,Achat Importation,Auto,Warning,Échéance passée (< aujourd'hui),35960.0,Sortie,Facture,FACTU/2022/07/0065,Payée,https://staging-universal.hadooc.com/web#id=28044&model=account.move&view_type=form,Actif,2025-09-13T13:12:39.853295Z
1,Achat,Achat Importation,Auto,Warning,Échéance passée (< aujourd'hui),51480.0,Sortie,Facture,FACTU/2022/07/0062,En attente,https://staging-universal.hadooc.com/web#id=27936&model=account.move&view_type=form,Actif,2025-09-13T13:12:39.853295Z
1,Achat,Achat Importation,Auto,Warning,Échéance passée (< aujourd'hui),133500.0,Sortie,Facture,FACTU/2022/07/0064,En attente,https://staging-universal.hadooc.com/web#id=27940&model=account.move&view_type=form,Actif,2025-09-13T13:12:39.853295Z
1,Achat,Achat Importation,Auto,Warning,Échéance passée (< aujourd'hui),22540.0,Sortie,Facture,FACTU/2022/07/0063,Payée,https://staging-universal.hadooc.com/web#id=27937&model=account.move&view_type=form,Actif,2025-09-13T13:12:39.853295Z
1,Achat,Achat Importation,Auto,Warning,Échéance passée (< aujourd'hui),3950.0,Sortie,Facture,FACTU/2022/06/0082,En attente,https://staging-universal.hadooc.com/web#id=29194&model=account.move&view_type=form,Actif,2025-09-13T13:12:39.853295Z
1,Achat,Achat Importation,Auto,Warning,Échéance passée (< aujourd'hui),139000.0,Sortie,Facture,FACTU/2022/06/0081,En attente,https://staging-universal.hadooc.com/web#id=29193&model=account.move&view_type=form,Actif,2025-09-13T13:12:39.853295Z
1,Achat,Achat Importation,Auto,Warning,Échéance passée (< aujourd'hui),11676.0,Sortie,Facture,FACTU/2022/06/0024,En attente,https://staging-universal.hadooc.com/web#id=24063&model=account.move&view_type=form,Actif,2025-09-13T13:12:39.853295Z
1,Achat,Achat Importation,Auto,Warning,Échéance passée (< aujourd'hui),50242.5,Sortie,Facture,FACTU/2022/06/0023,En attente,https://staging-universal.hadooc.com/web#id=24061&model=account.move&view_type=form,Actif,2025-09-13T13:12:39.853295Z
1,Achat,Achat Importation,Auto,Warning,Échéance passée (< aujourd'hui),51480.0,Sortie,Facture,FACTU/2022/06/0021,En attente,https://staging-universal.hadooc.com/web#id=24059&model=account.move&view_type=form,Actif,2025-09-13T13:12:39.853295Z
1,Achat,Achat Importation,Auto,Warning,Échéance passée (< aujourd'hui),32820.0,Sortie,Facture,FACTU/2022/06/0018,En attente,https://staging-universal.hadooc.com/web#id=24047&model=account.move&view_type=form,Actif,2025-09-13T13:12:39.853295Z
1,Achat,Achat Importation,Auto,Warning,Échéance passée (< aujourd'hui),14336.0,Sortie,Facture,FACTU/2022/06/0017,Payée,https://staging-universal.hadooc.com/web#id=24045&model=account.move&view_type=form,Actif,2025-09-13T13:12:39.853295Z
1,Achat,Achat Importation,Auto,Warning,Échéance passée (< aujourd'hui),27250.0,Sortie,Facture,FACTU/2022/06/0080,En attente,https://staging-universal.hadooc.com/web#id=29192&model=account.move&view_type=form,Actif,2025-09-13T13:12:39.853295Z
1,Achat,Achat Importation,Auto,Warning,Échéance passée (< aujourd'hui),12489.75,Sortie,Facture,FACTU/2022/06/0083,Payée,https://staging-universal.hadooc.com/web#id=29197&model=account.move&view_type=form,Actif,2025-09-13T13:12:39.853295Z
1,Achat,Achat Importation,Auto,Warning,Échéance passée (< aujourd'hui),60720.0,Sortie,Facture,FACTU/2022/06/0019,Payée,https://staging-universal.hadooc.com/web#id=24052&model=account.move&view_type=form,Actif,2025-09-13T13:12:39.853295Z
1,Achat,Achat Importation,Auto,Warning,Échéance passée (< aujourd'hui),66250.0,Sortie,Facture,FACTU/2022/05/0082,En attente,https://staging-universal.hadooc.com/web#id=29186&model=account.move&view_type=form,Actif,2025-09-13T13:12:39.853295Z
1,Achat,Achat Importation,Auto,Warning,Échéance passée (< aujourd'hui),9500.0,Sortie,Facture,FACTU/2022/05/0083,En attente,https://staging-universal.hadooc.com/web#id=29205&model=account.move&view_type=form,Actif,2025-09-13T13:12:39.853295Z
1,Achat,Achat Importation,Auto,Warning,Échéance passée (< aujourd'hui),25740.0,Sortie,Facture,FACTU/2022/05/0080,Payée,https://staging-universal.hadooc.com/web#id=27910&model=account.move&view_type=form,Actif,2025-09-13T13:12:39.853295Z
1,Achat,Achat Importation,Auto,Warning,Échéance passée (< aujourd'hui),35010.0,Sortie,Facture,AE/2022/05/0001,Payée,https://staging-universal.hadooc.com/web#id=52366&model=account.move&view_type=form,Actif,2025-09-13T13:12:39.853295Z
1,Achat,Achat Importation,Auto,Warning,Échéance passée (< aujourd'hui),21840.0,Sortie,Facture,AE/2022/05/0003,Payée,https://staging-universal.hadooc.com/web#id=52370&model=account.move&view_type=form,Actif,2025-09-13T13:12:39.853295Z
1,Achat,Achat Importation,Auto,Warning,Échéance passée (< aujourd'hui),5499.0,Sortie,Facture,AE/2022/05/0002,Payée,https://staging-universal.hadooc.com/web#id=52368&model=account.move&view_type=form,Actif,2025-09-13T13:12:39.853295Z
